filename,image_label
0.jpg,1
10.jpg,1
1013.jpg,1
1014.jpg,1
1019.jpg,1
102.jpg,1
1023.jpg,1
1024.jpg,1
1026.jpg,1
1027.jpg,1
1033.jpg,1
104.jpg,1
1040.jpg,1
1056.jpg,1
1059.jpg,1
1061.jpg,1
1070.jpg,1
1071.jpg,1
1077.jpg,1
1079.jpg,1
109.jpg,1
1093.jpg,1
1100.jpg,1
1105.jpg,1
1123.jpg,1
1131.jpg,1
1134.jpg,1
1136.jpg,1
1139.jpg,1
1154.jpg,1
1161.jpg,1
1168.jpg,1
1174.jpg,1
1179.jpg,1
1190.jpg,1
1194.jpg,1
1199.jpg,1
12.jpg,1
1202.jpg,1
1204.jpg,1
1220.jpg,1
1223.jpg,1
1226.jpg,1
1229.jpg,1
1230.jpg,1
1239.jpg,1
1245.jpg,1
1251.jpg,1
1273.jpg,1
1274.jpg,1
1279.jpg,1
1281.jpg,1
1285.jpg,1
1288.jpg,1
1289.jpg,1
129.jpg,1
13.jpg,1
1308.jpg,1
1314.jpg,1
1320.jpg,1
1324.jpg,1
1326.jpg,1
1336.jpg,1
1339.jpg,1
1344.jpg,1
1346.jpg,1
1370.jpg,1
138.jpg,1
1384.jpg,1
1389.jpg,1
139.jpg,1
1390.jpg,1
1393.jpg,1
14.jpg,1
1414.jpg,1
142.jpg,1
1422.jpg,1
1427.jpg,1
1430.jpg,1
1437.jpg,1
144.jpg,1
1440.jpg,1
1456.jpg,1
1464.jpg,1
1468.jpg,1
1473.jpg,1
148.jpg,1
160.jpg,1
171.jpg,1
176.jpg,1
180.jpg,1
181.jpg,1
191.jpg,1
201.jpg,1
205.jpg,1
208.jpg,1
215.jpg,1
218.jpg,1
229.jpg,1
230.jpg,1
237.jpg,1
239.jpg,1
245.jpg,1
248.jpg,1
252.jpg,1
254.jpg,1
262.jpg,1
265.jpg,1
267.jpg,1
27.jpg,1
281.jpg,1
294.jpg,1
298.jpg,1
306.jpg,1
308.jpg,1
311.jpg,1
333.jpg,1
334.jpg,1
338.jpg,1
34.jpg,1
342.jpg,1
346.jpg,1
349.jpg,1
35.jpg,1
356.jpg,1
376.jpg,1
379.jpg,1
383.jpg,1
384.jpg,1
387.jpg,1
396.jpg,1
401.jpg,1
41.jpg,1
416.jpg,1
421.jpg,1
425.jpg,1
434.jpg,1
441.jpg,1
446.jpg,1
454.jpg,1
463.jpg,1
469.jpg,1
47.jpg,1
470.jpg,1
471.jpg,1
478.jpg,1
48.jpg,1
481.jpg,1
484.jpg,1
497.jpg,1
513.jpg,1
516.jpg,1
518.jpg,1
523.jpg,1
531.jpg,1
532.jpg,1
536.jpg,1
539.jpg,1
55.jpg,1
550.jpg,1
551.jpg,1
553.jpg,1
558.jpg,1
560.jpg,1
562.jpg,1
57.jpg,1
576.jpg,1
578.jpg,1
579.jpg,1
580.jpg,1
582.jpg,1
583.jpg,1
593.jpg,1
596.jpg,1
605.jpg,1
619.jpg,1
620.jpg,1
623.jpg,1
624.jpg,1
641.jpg,1
643.jpg,1
645.jpg,1
649.jpg,1
653.jpg,1
660.jpg,1
663.jpg,1
667.jpg,1
668.jpg,1
677.jpg,1
683.jpg,1
685.jpg,1
7.jpg,1
700.jpg,1
708.jpg,1
709.jpg,1
710.jpg,1
713.jpg,1
725.jpg,1
727.jpg,1
732.jpg,1
739.jpg,1
745.jpg,1
751.jpg,1
759.jpg,1
763.jpg,1
764.jpg,1
765.jpg,1
769.jpg,1
779.jpg,1
783.jpg,1
787.jpg,1
791.jpg,1
802.jpg,1
805.jpg,1
809.jpg,1
81.jpg,1
810.jpg,1
814.jpg,1
817.jpg,1
821.jpg,1
833.jpg,1
836.jpg,1
842.jpg,1
846.jpg,1
855.jpg,1
873.jpg,1
879.jpg,1
880.jpg,1
887.jpg,1
889.jpg,1
890.jpg,1
891.jpg,1
895.jpg,1
901.jpg,1
906.jpg,1
908.jpg,1
917.jpg,1
918.jpg,1
920.jpg,1
921.jpg,1
928.jpg,1
930.jpg,1
96.jpg,1
965.jpg,1
972.jpg,1
977.jpg,1
982.jpg,1
984.jpg,1
991.jpg,1
998.jpg,1
1.jpg,2
100.jpg,2
1001.jpg,2
1002.jpg,2
1005.jpg,2
1006.jpg,2
101.jpg,2
1010.jpg,2
1011.jpg,2
1012.jpg,2
1016.jpg,2
1017.jpg,2
1018.jpg,2
1021.jpg,2
1022.jpg,2
1025.jpg,2
103.jpg,2
1032.jpg,2
1035.jpg,2
1036.jpg,2
1038.jpg,2
1039.jpg,2
1042.jpg,2
1043.jpg,2
1044.jpg,2
1046.jpg,2
1047.jpg,2
1049.jpg,2
105.jpg,2
1050.jpg,2
1051.jpg,2
1054.jpg,2
1055.jpg,2
1057.jpg,2
1058.jpg,2
1065.jpg,2
1066.jpg,2
1067.jpg,2
1068.jpg,2
107.jpg,2
1072.jpg,2
1073.jpg,2
1074.jpg,2
1075.jpg,2
1076.jpg,2
1078.jpg,2
1083.jpg,2
1084.jpg,2
1085.jpg,2
1087.jpg,2
1089.jpg,2
1090.jpg,2
1091.jpg,2
1096.jpg,2
1097.jpg,2
1098.jpg,2
1099.jpg,2
110.jpg,2
1102.jpg,2
1103.jpg,2
1104.jpg,2
1106.jpg,2
1109.jpg,2
1114.jpg,2
1115.jpg,2
1116.jpg,2
1117.jpg,2
1118.jpg,2
1119.jpg,2
112.jpg,2
1121.jpg,2
1122.jpg,2
1124.jpg,2
1125.jpg,2
1126.jpg,2
1130.jpg,2
1132.jpg,2
1135.jpg,2
1138.jpg,2
1140.jpg,2
1141.jpg,2
1142.jpg,2
1143.jpg,2
1144.jpg,2
1145.jpg,2
1146.jpg,2
1147.jpg,2
1148.jpg,2
1149.jpg,2
115.jpg,2
1151.jpg,2
1152.jpg,2
1155.jpg,2
1156.jpg,2
1158.jpg,2
1159.jpg,2
116.jpg,2
1160.jpg,2
1169.jpg,2
117.jpg,2
1170.jpg,2
1171.jpg,2
1172.jpg,2
1173.jpg,2
1175.jpg,2
1176.jpg,2
1178.jpg,2
1180.jpg,2
1181.jpg,2
1184.jpg,2
1185.jpg,2
1186.jpg,2
1187.jpg,2
1188.jpg,2
1189.jpg,2
119.jpg,2
1192.jpg,2
1193.jpg,2
1195.jpg,2
1196.jpg,2
1197.jpg,2
1198.jpg,2
120.jpg,2
1201.jpg,2
1203.jpg,2
1205.jpg,2
1209.jpg,2
121.jpg,2
1210.jpg,2
1211.jpg,2
1212.jpg,2
1213.jpg,2
1214.jpg,2
1215.jpg,2
1216.jpg,2
1217.jpg,2
1218.jpg,2
1219.jpg,2
122.jpg,2
1222.jpg,2
1225.jpg,2
1227.jpg,2
1228.jpg,2
123.jpg,2
1231.jpg,2
1233.jpg,2
1234.jpg,2
1236.jpg,2
1238.jpg,2
1240.jpg,2
1241.jpg,2
1242.jpg,2
1243.jpg,2
1246.jpg,2
1247.jpg,2
1249.jpg,2
1250.jpg,2
1253.jpg,2
1255.jpg,2
1257.jpg,2
1258.jpg,2
126.jpg,2
1260.jpg,2
1261.jpg,2
1262.jpg,2
1263.jpg,2
1264.jpg,2
1266.jpg,2
1267.jpg,2
1269.jpg,2
127.jpg,2
1271.jpg,2
1272.jpg,2
1276.jpg,2
128.jpg,2
1282.jpg,2
1283.jpg,2
1290.jpg,2
1292.jpg,2
1293.jpg,2
1294.jpg,2
1295.jpg,2
1297.jpg,2
1298.jpg,2
1299.jpg,2
1301.jpg,2
1302.jpg,2
1303.jpg,2
1304.jpg,2
1305.jpg,2
131.jpg,2
1310.jpg,2
1311.jpg,2
1312.jpg,2
1313.jpg,2
1315.jpg,2
1316.jpg,2
1317.jpg,2
1318.jpg,2
1319.jpg,2
1321.jpg,2
1322.jpg,2
1325.jpg,2
1327.jpg,2
1328.jpg,2
1329.jpg,2
133.jpg,2
1330.jpg,2
1331.jpg,2
1334.jpg,2
1337.jpg,2
1338.jpg,2
134.jpg,2
1340.jpg,2
1342.jpg,2
1343.jpg,2
1345.jpg,2
1348.jpg,2
1349.jpg,2
1352.jpg,2
1353.jpg,2
1354.jpg,2
1356.jpg,2
1357.jpg,2
1358.jpg,2
1359.jpg,2
136.jpg,2
1361.jpg,2
1362.jpg,2
1363.jpg,2
1365.jpg,2
1368.jpg,2
1369.jpg,2
137.jpg,2
1371.jpg,2
1373.jpg,2
1376.jpg,2
1377.jpg,2
1378.jpg,2
1379.jpg,2
1380.jpg,2
1381.jpg,2
1383.jpg,2
1385.jpg,2
1386.jpg,2
1388.jpg,2
1391.jpg,2
1392.jpg,2
1395.jpg,2
1398.jpg,2
1399.jpg,2
140.jpg,2
1405.jpg,2
1406.jpg,2
1407.jpg,2
1411.jpg,2
1413.jpg,2
1415.jpg,2
1416.jpg,2
1418.jpg,2
1419.jpg,2
1421.jpg,2
1424.jpg,2
1426.jpg,2
1428.jpg,2
1432.jpg,2
1433.jpg,2
1435.jpg,2
1436.jpg,2
1438.jpg,2
1439.jpg,2
1441.jpg,2
1443.jpg,2
1444.jpg,2
1445.jpg,2
1446.jpg,2
1449.jpg,2
1450.jpg,2
1451.jpg,2
1452.jpg,2
1453.jpg,2
1454.jpg,2
1457.jpg,2
1462.jpg,2
1463.jpg,2
1465.jpg,2
1466.jpg,2
1467.jpg,2
147.jpg,2
1471.jpg,2
1472.jpg,2
1474.jpg,2
1476.jpg,2
1478.jpg,2
1480.jpg,2
149.jpg,2
15.jpg,2
151.jpg,2
152.jpg,2
153.jpg,2
156.jpg,2
157.jpg,2
159.jpg,2
161.jpg,2
162.jpg,2
164.jpg,2
165.jpg,2
167.jpg,2
168.jpg,2
17.jpg,2
173.jpg,2
175.jpg,2
177.jpg,2
178.jpg,2
182.jpg,2
183.jpg,2
184.jpg,2
185.jpg,2
186.jpg,2
189.jpg,2
19.jpg,2
190.jpg,2
192.jpg,2
195.jpg,2
198.jpg,2
2.jpg,2
203.jpg,2
204.jpg,2
206.jpg,2
209.jpg,2
21.jpg,2
210.jpg,2
213.jpg,2
216.jpg,2
219.jpg,2
22.jpg,2
223.jpg,2
224.jpg,2
225.jpg,2
227.jpg,2
231.jpg,2
233.jpg,2
234.jpg,2
235.jpg,2
236.jpg,2
238.jpg,2
24.jpg,2
240.jpg,2
241.jpg,2
243.jpg,2
244.jpg,2
246.jpg,2
250.jpg,2
251.jpg,2
255.jpg,2
257.jpg,2
26.jpg,2
264.jpg,2
266.jpg,2
268.jpg,2
270.jpg,2
271.jpg,2
274.jpg,2
276.jpg,2
278.jpg,2
279.jpg,2
28.jpg,2
282.jpg,2
283.jpg,2
284.jpg,2
285.jpg,2
288.jpg,2
29.jpg,2
290.jpg,2
291.jpg,2
293.jpg,2
296.jpg,2
297.jpg,2
301.jpg,2
302.jpg,2
303.jpg,2
305.jpg,2
31.jpg,2
310.jpg,2
312.jpg,2
313.jpg,2
314.jpg,2
315.jpg,2
316.jpg,2
317.jpg,2
319.jpg,2
32.jpg,2
326.jpg,2
329.jpg,2
330.jpg,2
331.jpg,2
332.jpg,2
337.jpg,2
339.jpg,2
340.jpg,2
341.jpg,2
343.jpg,2
345.jpg,2
348.jpg,2
351.jpg,2
353.jpg,2
354.jpg,2
358.jpg,2
359.jpg,2
36.jpg,2
360.jpg,2
364.jpg,2
365.jpg,2
366.jpg,2
367.jpg,2
368.jpg,2
369.jpg,2
37.jpg,2
371.jpg,2
372.jpg,2
374.jpg,2
375.jpg,2
377.jpg,2
378.jpg,2
381.jpg,2
382.jpg,2
385.jpg,2
386.jpg,2
388.jpg,2
389.jpg,2
39.jpg,2
393.jpg,2
394.jpg,2
395.jpg,2
397.jpg,2
398.jpg,2
4.jpg,2
40.jpg,2
400.jpg,2
403.jpg,2
404.jpg,2
406.jpg,2
407.jpg,2
408.jpg,2
410.jpg,2
411.jpg,2
412.jpg,2
413.jpg,2
414.jpg,2
418.jpg,2
419.jpg,2
42.jpg,2
420.jpg,2
423.jpg,2
428.jpg,2
429.jpg,2
43.jpg,2
432.jpg,2
437.jpg,2
438.jpg,2
44.jpg,2
440.jpg,2
442.jpg,2
443.jpg,2
444.jpg,2
445.jpg,2
447.jpg,2
448.jpg,2
449.jpg,2
45.jpg,2
451.jpg,2
452.jpg,2
453.jpg,2
455.jpg,2
456.jpg,2
457.jpg,2
458.jpg,2
46.jpg,2
460.jpg,2
461.jpg,2
462.jpg,2
464.jpg,2
472.jpg,2
473.jpg,2
474.jpg,2
476.jpg,2
482.jpg,2
483.jpg,2
485.jpg,2
486.jpg,2
487.jpg,2
488.jpg,2
490.jpg,2
493.jpg,2
496.jpg,2
499.jpg,2
501.jpg,2
502.jpg,2
503.jpg,2
504.jpg,2
505.jpg,2
506.jpg,2
507.jpg,2
508.jpg,2
509.jpg,2
51.jpg,2
515.jpg,2
517.jpg,2
52.jpg,2
521.jpg,2
522.jpg,2
524.jpg,2
525.jpg,2
526.jpg,2
528.jpg,2
529.jpg,2
53.jpg,2
533.jpg,2
534.jpg,2
535.jpg,2
537.jpg,2
538.jpg,2
54.jpg,2
540.jpg,2
541.jpg,2
542.jpg,2
544.jpg,2
545.jpg,2
546.jpg,2
547.jpg,2
548.jpg,2
549.jpg,2
552.jpg,2
556.jpg,2
557.jpg,2
559.jpg,2
56.jpg,2
561.jpg,2
563.jpg,2
564.jpg,2
566.jpg,2
568.jpg,2
569.jpg,2
570.jpg,2
572.jpg,2
574.jpg,2
577.jpg,2
581.jpg,2
584.jpg,2
586.jpg,2
588.jpg,2
589.jpg,2
591.jpg,2
592.jpg,2
595.jpg,2
597.jpg,2
6.jpg,2
60.jpg,2
601.jpg,2
602.jpg,2
603.jpg,2
607.jpg,2
608.jpg,2
609.jpg,2
610.jpg,2
611.jpg,2
612.jpg,2
613.jpg,2
614.jpg,2
615.jpg,2
616.jpg,2
618.jpg,2
621.jpg,2
622.jpg,2
632.jpg,2
633.jpg,2
634.jpg,2
639.jpg,2
64.jpg,2
640.jpg,2
642.jpg,2
644.jpg,2
647.jpg,2
648.jpg,2
65.jpg,2
651.jpg,2
652.jpg,2
655.jpg,2
656.jpg,2
657.jpg,2
658.jpg,2
659.jpg,2
66.jpg,2
662.jpg,2
665.jpg,2
666.jpg,2
67.jpg,2
671.jpg,2
673.jpg,2
674.jpg,2
676.jpg,2
678.jpg,2
68.jpg,2
680.jpg,2
681.jpg,2
684.jpg,2
686.jpg,2
687.jpg,2
688.jpg,2
691.jpg,2
693.jpg,2
696.jpg,2
698.jpg,2
699.jpg,2
701.jpg,2
702.jpg,2
703.jpg,2
704.jpg,2
705.jpg,2
707.jpg,2
712.jpg,2
714.jpg,2
716.jpg,2
717.jpg,2
718.jpg,2
719.jpg,2
72.jpg,2
720.jpg,2
722.jpg,2
723.jpg,2
724.jpg,2
726.jpg,2
729.jpg,2
730.jpg,2
738.jpg,2
74.jpg,2
741.jpg,2
743.jpg,2
744.jpg,2
748.jpg,2
749.jpg,2
75.jpg,2
753.jpg,2
754.jpg,2
756.jpg,2
76.jpg,2
760.jpg,2
761.jpg,2
762.jpg,2
768.jpg,2
77.jpg,2
771.jpg,2
772.jpg,2
775.jpg,2
777.jpg,2
78.jpg,2
781.jpg,2
785.jpg,2
786.jpg,2
789.jpg,2
79.jpg,2
790.jpg,2
792.jpg,2
793.jpg,2
794.jpg,2
795.jpg,2
797.jpg,2
798.jpg,2
8.jpg,2
80.jpg,2
804.jpg,2
807.jpg,2
813.jpg,2
815.jpg,2
816.jpg,2
819.jpg,2
824.jpg,2
826.jpg,2
827.jpg,2
829.jpg,2
830.jpg,2
831.jpg,2
832.jpg,2
834.jpg,2
838.jpg,2
84.jpg,2
841.jpg,2
843.jpg,2
844.jpg,2
847.jpg,2
849.jpg,2
85.jpg,2
850.jpg,2
851.jpg,2
852.jpg,2
854.jpg,2
856.jpg,2
857.jpg,2
858.jpg,2
859.jpg,2
86.jpg,2
860.jpg,2
861.jpg,2
862.jpg,2
863.jpg,2
865.jpg,2
867.jpg,2
868.jpg,2
871.jpg,2
874.jpg,2
88.jpg,2
882.jpg,2
883.jpg,2
884.jpg,2
886.jpg,2
888.jpg,2
89.jpg,2
894.jpg,2
896.jpg,2
9.jpg,2
90.jpg,2
903.jpg,2
904.jpg,2
905.jpg,2
91.jpg,2
911.jpg,2
912.jpg,2
913.jpg,2
915.jpg,2
919.jpg,2
92.jpg,2
922.jpg,2
925.jpg,2
926.jpg,2
929.jpg,2
93.jpg,2
932.jpg,2
933.jpg,2
934.jpg,2
935.jpg,2
936.jpg,2
937.jpg,2
938.jpg,2
939.jpg,2
94.jpg,2
940.jpg,2
942.jpg,2
946.jpg,2
948.jpg,2
95.jpg,2
955.jpg,2
956.jpg,2
957.jpg,2
958.jpg,2
959.jpg,2
960.jpg,2
961.jpg,2
963.jpg,2
964.jpg,2
966.jpg,2
967.jpg,2
969.jpg,2
97.jpg,2
970.jpg,2
971.jpg,2
973.jpg,2
974.jpg,2
976.jpg,2
978.jpg,2
979.jpg,2
981.jpg,2
985.jpg,2
987.jpg,2
988.jpg,2
989.jpg,2
99.jpg,2
990.jpg,2
992.jpg,2
994.jpg,2
997.jpg,2
999.jpg,2
1000.jpg,3
1003.jpg,3
1004.jpg,3
1007.jpg,3
1008.jpg,3
1009.jpg,3
1015.jpg,3
1020.jpg,3
1028.jpg,3
1029.jpg,3
1030.jpg,3
1031.jpg,3
1034.jpg,3
1037.jpg,3
1041.jpg,3
1045.jpg,3
1048.jpg,3
1052.jpg,3
1053.jpg,3
106.jpg,3
1060.jpg,3
1062.jpg,3
1063.jpg,3
1064.jpg,3
1069.jpg,3
108.jpg,3
1080.jpg,3
1081.jpg,3
1082.jpg,3
1086.jpg,3
1088.jpg,3
1092.jpg,3
1094.jpg,3
1095.jpg,3
11.jpg,3
1101.jpg,3
1107.jpg,3
1108.jpg,3
111.jpg,3
1110.jpg,3
1111.jpg,3
1112.jpg,3
1113.jpg,3
1120.jpg,3
1127.jpg,3
1128.jpg,3
1129.jpg,3
113.jpg,3
1133.jpg,3
1137.jpg,3
114.jpg,3
1150.jpg,3
1153.jpg,3
1157.jpg,3
1162.jpg,3
1163.jpg,3
1164.jpg,3
1165.jpg,3
1166.jpg,3
1167.jpg,3
1177.jpg,3
118.jpg,3
1182.jpg,3
1183.jpg,3
1191.jpg,3
1200.jpg,3
1206.jpg,3
1207.jpg,3
1208.jpg,3
1221.jpg,3
1224.jpg,3
1232.jpg,3
1235.jpg,3
1237.jpg,3
124.jpg,3
1244.jpg,3
1248.jpg,3
125.jpg,3
1252.jpg,3
1254.jpg,3
1256.jpg,3
1259.jpg,3
1265.jpg,3
1268.jpg,3
1270.jpg,3
1275.jpg,3
1277.jpg,3
1278.jpg,3
1280.jpg,3
1284.jpg,3
1286.jpg,3
1287.jpg,3
1291.jpg,3
1296.jpg,3
130.jpg,3
1300.jpg,3
1306.jpg,3
1307.jpg,3
1309.jpg,3
132.jpg,3
1323.jpg,3
1332.jpg,3
1333.jpg,3
1335.jpg,3
1341.jpg,3
1347.jpg,3
135.jpg,3
1350.jpg,3
1351.jpg,3
1355.jpg,3
1360.jpg,3
1364.jpg,3
1366.jpg,3
1367.jpg,3
1372.jpg,3
1374.jpg,3
1375.jpg,3
1382.jpg,3
1387.jpg,3
1394.jpg,3
1396.jpg,3
1397.jpg,3
1400.jpg,3
1401.jpg,3
1402.jpg,3
1403.jpg,3
1404.jpg,3
1408.jpg,3
1409.jpg,3
141.jpg,3
1410.jpg,3
1412.jpg,3
1417.jpg,3
1420.jpg,3
1423.jpg,3
1425.jpg,3
1429.jpg,3
143.jpg,3
1431.jpg,3
1434.jpg,3
1442.jpg,3
1447.jpg,3
1448.jpg,3
145.jpg,3
1455.jpg,3
1458.jpg,3
1459.jpg,3
146.jpg,3
1460.jpg,3
1461.jpg,3
1469.jpg,3
1470.jpg,3
1475.jpg,3
1477.jpg,3
1479.jpg,3
150.jpg,3
154.jpg,3
155.jpg,3
158.jpg,3
16.jpg,3
163.jpg,3
166.jpg,3
169.jpg,3
170.jpg,3
172.jpg,3
174.jpg,3
179.jpg,3
18.jpg,3
187.jpg,3
188.jpg,3
193.jpg,3
194.jpg,3
196.jpg,3
197.jpg,3
199.jpg,3
20.jpg,3
200.jpg,3
202.jpg,3
207.jpg,3
211.jpg,3
212.jpg,3
214.jpg,3
217.jpg,3
220.jpg,3
221.jpg,3
222.jpg,3
226.jpg,3
228.jpg,3
23.jpg,3
232.jpg,3
242.jpg,3
247.jpg,3
249.jpg,3
25.jpg,3
253.jpg,3
256.jpg,3
258.jpg,3
259.jpg,3
260.jpg,3
261.jpg,3
263.jpg,3
269.jpg,3
272.jpg,3
273.jpg,3
275.jpg,3
277.jpg,3
280.jpg,3
286.jpg,3
287.jpg,3
289.jpg,3
292.jpg,3
295.jpg,3
299.jpg,3
3.jpg,3
30.jpg,3
300.jpg,3
304.jpg,3
307.jpg,3
309.jpg,3
318.jpg,3
320.jpg,3
321.jpg,3
322.jpg,3
323.jpg,3
324.jpg,3
325.jpg,3
327.jpg,3
328.jpg,3
33.jpg,3
335.jpg,3
336.jpg,3
344.jpg,3
347.jpg,3
350.jpg,3
352.jpg,3
355.jpg,3
357.jpg,3
361.jpg,3
362.jpg,3
363.jpg,3
370.jpg,3
373.jpg,3
38.jpg,3
380.jpg,3
390.jpg,3
391.jpg,3
392.jpg,3
399.jpg,3
402.jpg,3
405.jpg,3
409.jpg,3
415.jpg,3
417.jpg,3
422.jpg,3
424.jpg,3
426.jpg,3
427.jpg,3
430.jpg,3
431.jpg,3
433.jpg,3
435.jpg,3
436.jpg,3
439.jpg,3
450.jpg,3
459.jpg,3
465.jpg,3
466.jpg,3
467.jpg,3
468.jpg,3
475.jpg,3
477.jpg,3
479.jpg,3
480.jpg,3
489.jpg,3
49.jpg,3
491.jpg,3
492.jpg,3
494.jpg,3
495.jpg,3
498.jpg,3
5.jpg,3
50.jpg,3
500.jpg,3
510.jpg,3
511.jpg,3
512.jpg,3
514.jpg,3
519.jpg,3
520.jpg,3
527.jpg,3
530.jpg,3
543.jpg,3
554.jpg,3
555.jpg,3
565.jpg,3
567.jpg,3
571.jpg,3
573.jpg,3
575.jpg,3
58.jpg,3
585.jpg,3
587.jpg,3
59.jpg,3
590.jpg,3
594.jpg,3
598.jpg,3
599.jpg,3
600.jpg,3
604.jpg,3
606.jpg,3
61.jpg,3
617.jpg,3
62.jpg,3
625.jpg,3
626.jpg,3
627.jpg,3
628.jpg,3
629.jpg,3
63.jpg,3
630.jpg,3
631.jpg,3
635.jpg,3
636.jpg,3
637.jpg,3
638.jpg,3
646.jpg,3
650.jpg,3
654.jpg,3
661.jpg,3
664.jpg,3
669.jpg,3
670.jpg,3
672.jpg,3
675.jpg,3
679.jpg,3
682.jpg,3
689.jpg,3
69.jpg,3
690.jpg,3
692.jpg,3
694.jpg,3
695.jpg,3
697.jpg,3
70.jpg,3
706.jpg,3
71.jpg,3
711.jpg,3
715.jpg,3
721.jpg,3
728.jpg,3
73.jpg,3
731.jpg,3
733.jpg,3
734.jpg,3
735.jpg,3
736.jpg,3
737.jpg,3
740.jpg,3
742.jpg,3
746.jpg,3
747.jpg,3
750.jpg,3
752.jpg,3
755.jpg,3
757.jpg,3
758.jpg,3
766.jpg,3
767.jpg,3
770.jpg,3
773.jpg,3
774.jpg,3
776.jpg,3
778.jpg,3
780.jpg,3
782.jpg,3
784.jpg,3
788.jpg,3
796.jpg,3
799.jpg,3
800.jpg,3
801.jpg,3
803.jpg,3
806.jpg,3
808.jpg,3
811.jpg,3
812.jpg,3
818.jpg,3
82.jpg,3
820.jpg,3
822.jpg,3
823.jpg,3
825.jpg,3
828.jpg,3
83.jpg,3
835.jpg,3
837.jpg,3
839.jpg,3
840.jpg,3
845.jpg,3
848.jpg,3
853.jpg,3
864.jpg,3
866.jpg,3
869.jpg,3
87.jpg,3
870.jpg,3
872.jpg,3
875.jpg,3
876.jpg,3
877.jpg,3
878.jpg,3
881.jpg,3
885.jpg,3
892.jpg,3
893.jpg,3
897.jpg,3
898.jpg,3
899.jpg,3
900.jpg,3
902.jpg,3
907.jpg,3
909.jpg,3
910.jpg,3
914.jpg,3
916.jpg,3
923.jpg,3
924.jpg,3
927.jpg,3
931.jpg,3
941.jpg,3
943.jpg,3
944.jpg,3
945.jpg,3
947.jpg,3
949.jpg,3
950.jpg,3
951.jpg,3
952.jpg,3
953.jpg,3
954.jpg,3
962.jpg,3
968.jpg,3
975.jpg,3
98.jpg,3
980.jpg,3
983.jpg,3
986.jpg,3
993.jpg,3
995.jpg,3
996.jpg,3
